"number","WKT","cues","species","day","time","weather","cloud","flock","FID","AD","SD","AvgWind","MaxWind","noise","light","moon","sunrise","sunset","soundNo.","longitude","latitude"
1,"POINT (141.7982051 42.6221262)","human_vi_dog_ac","Deer","2024/08/10","19:40:00","cloudy",9,3,156.2,177.9,188.1,0,0,52.7,"0.06333333333",5.7,"4:35:00","18:44:00","d1401",141.7982051,42.6221262
2,"POINT (141.8036833 42.6208454)","human_vi","Deer","2024/08/10","22:13:00","sunny",5,12,73.7,108.5,114.9,0,0,63.5,"0.003333333333",5.7,"4:35:00","18:44:00","",141.8036833,42.6208454
4,"POINT (141.7552503 42.6815583)","human_vi_ac","Deer","2024/08/11","20:21:00","sunny",2,3,77.4,129.5,129.5,0,0,49.2,"0.04",6.7,"4:36:00","18:43:00","h1001",141.7552503,42.6815583
5,"POINT (141.7497396 42.6771232)","human_vi_no","Deer","2024/08/11","20:55:00","sunny",2,5,70,123.6,143.8,0,0,46.8,"0.03",6.7,"4:36:00","18:43:00","whitenoise",141.7497396,42.6771232
7,"POINT (141.7418323 42.6853651)","human_vi_dog_ac","Deer","2024/08/11","21:28:00","sunny",2,1,114.1,124.3,124.3,0,0,47.1,"16.93333333",6.7,"4:36:00","18:43:00","d1601",141.7418323,42.6853651
20,"POINT (141.7960081 42.606818)","human_vi","Deer","2024/08/14","20:24:00","cloudy",10,7,22.8,22.8,29.4,0,1.1,43.5,"0.3666666667",9.7,"4:39:00","18:39:00","",141.7960081,42.606818
21,"POINT (141.600166 42.675225)","human_vi_ac","Deer","2024/08/15","9:55:00","sunny",7,1,45.4,58.6,58.6,1.3,2.1,44.2,"99903.33333",10.7,"4:40:00","18:37:00","h1005",141.600166,42.675225
28,"POINT (141.7676882 42.6245899)","human_vi","Deer","2024/08/15","16:52:00","sunny",2,2,58.5,79.1,94.9,0,0,44.1,"2772",10.7,"4:40:00","18:37:00","",141.7676882,42.6245899
32,"POINT (141.7472282 42.6906694)","human_vi","Deer","2024/08/16","20:45:00","cloudy",10,12,66.2,83.1,117.9,0,0,39,"0.1966666667",11.7,"4:41:00","18:36:00","",141.7472282,42.6906694
33,"POINT (141.7579612 42.6928341)","human_vi_ac","Deer","2024/08/16","20:59:00","cloudy",10,2,97.3,110.1,206.3,0,0,41.8,"0.1833333333",11.7,"4:41:00","18:36:00","h1103",141.7579612,42.6928341
34,"POINT (141.8252778 42.6358671)","human_vi","Deer","2024/08/02","11:04:00","cloudy",10,80,157.8,206.3,214,NA,NA,47,"#DIV/0!",27.2,"4:26:00","18:55:00","",141.8252778,42.6358671
36,"POINT (141.7809796 42.6560884)","human_vi_no","Deer","2024/08/18","5:39:00","sunny",7,5,38.2,59.3,67.1,0,0,40,"2638",13.7,"4:44:00","18:33:00","noise",141.7809796,42.6560884
37,"POINT (141.7812956 42.6524156)","human_vi_ac","Deer","2024/08/18","5:49:00","sunny",7,8,98.2,184.4,214.6,0,0.8,43.1,"2385",13.7,"4:44:00","18:33:00","h1104",141.7812956,42.6524156
38,"POINT (141.7817754 42.6492061)","human_vi_ac","Deer","2024/08/18","6:00:00","cloudy",9,4,126.9,146.2,162.2,0,0,41.2,"5064.666667",13.7,"4:44:00","18:33:00","h1401",141.7817754,42.6492061
39,"POINT (141.7840401 42.6425006)","human_vi_ac","Deer","2024/08/18","6:11:00","cloudy",10,4,98.5,127.5,135.5,0,0,36.3,"518.3333333",13.7,"4:44:00","18:33:00","h1402",141.7840401,42.6425006
40,"POINT (141.7879435 42.6398614)","human_vi_ac","Deer","2024/08/18","6:23:00","sunny",7,3,26.2,51.3,51.3,1,1.5,43.5,"33170",13.7,"4:44:00","18:33:00","h1403",141.7879435,42.6398614
41,"POINT (141.7963188 42.6352928)","human_vi_ac","Deer","2024/08/18","6:42:00","sunny",6,9,41.4,66.2,66.2,0.8,1.6,45.3,"89003.33333",13.7,"4:44:00","18:33:00","h1404",141.7963188,42.6352928
42,"POINT (141.7785909 42.6365076)","human_vi_dog_ac","Deer","2024/08/18","6:59:00","sunny",6,2,77.4,123.4,123.4,1,1.6,38.9,"73830",13.7,"4:44:00","18:33:00","d1609",141.7785909,42.6365076
43,"POINT (141.7818498 42.6361821)","human_vi_dog_ac","Deer","2024/08/18","7:09:00","sunny",6,5,101.4,253.5,253.5,1.3,1.5,48.6,"89233.33333",13.7,"4:44:00","18:33:00","d1610",141.7818498,42.6361821
44,"POINT (141.7764187 42.6340464)","human_vi_dog_ac","Deer","2024/08/18","7:18:00","sunny",6,1,155.2,241.2,241.2,0,0.8,45.8,"115833.3333",13.7,"4:44:00","18:33:00","d1611",141.7764187,42.6340464
45,"POINT (141.7810683 42.6293917)","human_vi_dog_ac","Deer","2024/08/18","7:33:00","sunny",7,3,64.1,295,295,0,1.1,49.1,"27666.66667",13.7,"4:44:00","18:33:00","d1612",141.7810683,42.6293917
55,"POINT (141.7912728 42.6158659)","human_vi_ac","Deer","2024/08/20","20:00:00","cloudy",10,13,73.4,92.3,110.9,0,0,45.5,"0.2933333333",15.7,"4:46:00","18:29:00","h1405",141.7912728,42.6158659
56,"POINT (141.7989313 42.6108316)","human_vi_dog_ac","Deer","2024/08/20","20:21:00","cloudy",10,53,50.3,68.8,86.3,0,0,47.6,"0.2",15.7,"4:46:00","18:29:00","d1614",141.7989313,42.6108316
57,"POINT (141.7990593 42.624299)","human_vi_dog_ac","Deer","2024/08/20","20:37:00","cloudy",10,1,46.3,105.2,123.7,0,0,51.4,"0.5533333333",15.7,"4:46:00","18:29:00","d1615",141.7990593,42.624299
58,"POINT (141.8091978 42.6318189)","human_vi","Deer","2024/08/20","20:55:00","cloudy",10,5,56.6,56.6,67.7,0,0,42.4,"0.07333333333",15.7,"4:46:00","18:29:00","",141.8091978,42.6318189
59,"POINT (141.8095438 42.6338301)","human_vi_no","Deer","2024/08/20","21:03:00","cloudy",10,8,55.9,55.9,120.1,0,0,43,"0.05",15.7,"4:46:00","18:29:00","noise",141.8095438,42.6338301
60,"POINT (141.8098107 42.6360586)","human_vi","Deer","2024/08/20","21:13:00","cloudy",10,13,71.6,71.6,136.2,0,0,44.3,"0.05",15.7,"4:46:00","18:29:00","",141.8098107,42.6360586
61,"POINT (141.7810937 42.654395)","human_vi_no","Deer","2024/08/23","6:26:00","cloudy",10,3,120.5,153.6,249.1,0,0.8,43.9,"7498",18.7,"4:49:00","18:25:00","noise",141.7810937,42.654395
62,"POINT (141.7831647 42.6470641)","human_vi_dog_ac","Deer","2024/08/23","6:39:00","cloudy",10,5,63,150.6,180.2,1.6,1.7,42.1,"8056",18.7,"4:49:00","18:25:00","d1616",141.7831647,42.6470641
63,"POINT (141.7820237 42.640165)","human_vi_dog_ac","Deer","2024/08/23","6:52:00","cloudy",10,5,153.3,330.8,330.8,1.4,2.5,51.6,"11800",18.7,"4:49:00","18:25:00","d1617",141.7820237,42.640165
64,"POINT (141.7803913 42.638505)","human_vi","Deer","2024/08/23","7:03:00","cloudy",10,10,159.5,159.5,210.7,2,2.7,50.5,"6011.666667",18.7,"4:49:00","18:25:00","",141.7803913,42.638505
65,"POINT (141.7729785 42.6303669)","human_vi_no","Deer","2024/08/23","7:23:00","cloudy",10,2,106.8,164.4,374.5,1.9,2.1,42.9,"11221.66667",18.7,"4:49:00","18:25:00","",141.7729785,42.6303669
66,"POINT (141.7661451 42.6228663)","human_vi_no","Deer","2024/08/23","7:36:00","cloudy",10,4,82.2,152.3,152.3,0,0,41.5,"3309.333333",18.7,"4:49:00","18:25:00","",141.7661451,42.6228663
67,"POINT (141.7618472 42.6268161)","human_vi_no","Deer","2024/08/23","8:01:00","cloudy",10,7,273.2,329.8,329.8,1.3,1.5,40,"13350",18.7,"4:49:00","18:25:00","",141.7618472,42.6268161
68,"POINT (141.7832453 42.6285019)","human_vi","Deer","2024/08/23","8:16:00","cloudy",10,6,58,81.2,129.1,2.4,2.6,40.1,"16483.33333",18.7,"4:49:00","18:25:00","",141.7832453,42.6285019
69,"POINT (141.7858639 42.6271642)","human_vi","Deer","2024/08/23","8:25:00","cloudy",10,1,35.5,48,95.2,1.6,2,42.5,"10730",18.7,"4:49:00","18:25:00","",141.7858639,42.6271642
70,"POINT (141.7870019 42.6303739)","human_vi","Deer","2024/08/23","8:45:00","cloudy",10,11,122.2,128.6,216.2,2.2,3.4,40,"24340",18.7,"4:49:00","18:25:00","",141.7870019,42.6303739
71,"POINT (141.5996061 42.677209)","human_vi_no","Deer","2024/08/23","9:44:00","cloudy",10,3,28.2,43.3,73.1,0.8,1,42.5,"261.1",18.7,"4:49:00","18:25:00","",141.5996061,42.677209
72,"POINT (141.7016643 42.9298948)","human_vi_dog_ac","Deer","2024/08/24","19:10:00","sunny",1,3,150.9,180.8,211.9,0,0,48.5,"0.02333333333",19.7,"4:50:00","18:23:00","d1618",141.7016643,42.9298948
95,"POINT (141.6459566 42.6851924)","human_vi_no","Deer","2024/08/28","19:24:00","sunny",1,7,39.6,104.7,124.9,0,0,50.2,"1.126666667",23.7,"4:54:00","18:16:00","",141.6459566,42.6851924
98,"POINT (143.2457051 42.0002486)","human_vi_no","Deer","2024/10/03","18:16:00","cloudy",10,2,56.6,63,69.4,2.7,4.9,54.5,"0.01",0.3,"5:34:00","17:12:00","",143.2457051,42.0002486
99,"POINT (143.2383014 41.9696305)","human_vi_ac","Deer","2024/10/03","18:31:00","cloudy",10,20,NA,100.3,131.1,1.8,4,48.1,"0",0.3,"5:34:00","17:12:00","h1602",143.2383014,41.9696305
100,"POINT (143.1420122 42.0460414)","human_vi_ac","Deer","2024/10/05","4:57:00","cloudy",10,1,241.5,241.5,248.3,2.2,3.1,42.7,"0.9733333333",2.3,"5:36:00","17:09:00","h1603",143.1420122,42.0460414
101,"POINT (141.6137898 42.6691139)","human_vi_ac","Deer","2024/10/06","18:15:00","sunny",3,4,31.2,54,82,0,0,50.4,"0.14",3.3,"5:37:00","17:07:00","h1604",141.6137898,42.6691139
102,"POINT (141.7336311 42.684703)","human_vi_ac","Deer","2024/10/06","19:08:00","sunny",3,5,77.7,85,91.4,0,0,39.6,"1.11",3.3,"5:37:00","17:07:00","h1701",141.7336311,42.684703
103,"POINT (141.745737 42.6896593)","human_vi_no","Deer","2024/10/06","19:30:00","sunny",3,6,35.7,43.2,48.2,1.2,1.4,34.5,"0.14",3.3,"5:37:00","17:07:00","",141.745737,42.6896593
104,"POINT (141.7555759 42.6785096)","human_vi_no","Deer","2024/10/06","19:51:00","sunny",4,1,48.8,70,96,0,0,41,"4.393333333",3.3,"5:37:00","17:07:00","",141.7555759,42.6785096
105,"POINT (141.7495047 42.6769654)","human_vi_no","Deer","2024/10/06","20:02:00","sunny",4,2,33.2,52.9,52.9,0.5,1.3,37.7,"0.02666666667",3.3,"5:37:00","17:07:00","",141.7495047,42.6769654
106,"POINT (141.7449929 42.677516)","human_vi_ac","Deer","2024/10/06","20:19:00","sunny",4,6,42.3,52.3,60.8,0.6,1.4,40.4,"1.376666667",3.3,"5:37:00","17:07:00","h1702",141.7449929,42.677516
108,"POINT (141.8377065 42.6423107)","human_vi_dog_ac","Deer","2024/10/06","22:06:00","sunny",4,4,56,69,171.8,0,0,31.4,"0.02",3.3,"5:37:00","17:07:00","d1624",141.8377065,42.6423107
109,"POINT (141.8503804 42.6103896)","human_vi_dog_ac","Deer","2024/10/06","22:42:00","sunny",4,14,47.6,109.7,181.8,0,0,30,"0.02",3.3,"5:37:00","17:07:00","d1626",141.8503804,42.6103896
110,"POINT (141.8628627 42.6074022)","human_vi_ac","Deer","2024/10/06","22:57:00","sunny",4,3,58.3,88.3,103,0,0,37.5,"0.05333333333",3.3,"5:37:00","17:07:00","h1703",141.8628627,42.6074022
111,"POINT (141.7993916 42.610005)","human_vi_ac","Deer","2024/10/06","23:28:00","sunny",5,14,41.6,43.6,72.3,0,0,41.7,"0.2766666667",3.3,"5:37:00","17:07:00","h1704",141.7993916,42.610005
112,"POINT (141.7984777 42.6076807)","human_vi_no","Deer","2024/10/06","23:39:00","sunny",5,21,49.5,82.9,116,0,0,41.6,"0.34",3.3,"5:37:00","17:07:00","",141.7984777,42.6076807
113,"POINT (141.794369 42.6133891)","human_vi","Deer","2024/10/06","23:55:00","sunny",7,7,54.6,89.8,104.1,1,2,42.2,"0.53",3.3,"5:37:00","17:07:00","",141.794369,42.6133891
114,"POINT (141.7920199 42.6157581)","human_vi","Deer","2024/10/07","0:06:00","sunny",7,1,46.1,53.5,98.8,1.9,3.3,37,"0.74",3.3,"5:37:00","17:07:00","",141.7920199,42.6157581
115,"POINT (141.8004477 42.6136437)","human_vi","Deer","2024/10/07","19:50:00","cloudy",10,5,54.1,70.5,97.7,0.8,1,45.8,"0.2733333333",4.3,"5:39:00","17:05:00","",141.8004477,42.6136437
116,"POINT (141.8041991 42.6220929)","human_vi_no","Deer","2024/10/07","20:03:00","cloudy",10,9,47.5,57.4,84.8,0,0,41,"1.243333333",4.3,"5:39:00","17:05:00","",141.8041991,42.6220929
117,"POINT (141.7995401 42.6245518)","human_vi_ac","Deer","2024/10/07","20:17:00","cloudy",10,1,49.1,70.7,157.6,0,0,46.1,"1.03",4.3,"5:39:00","17:05:00","h1705",141.7995401,42.6245518
119,"POINT (141.8065124 42.6268153)","human_vi_ac","Deer","2024/10/07","20:50:00","cloudy",10,5,80.1,118.4,162.5,0,0,38.1,"0.01333333333",4.3,"5:39:00","17:05:00","h1801",141.8065124,42.6268153
120,"POINT (141.809481 42.6357013)","human_vi","Deer","2024/10/07","21:04:00","cloudy",10,1,48.4,59.5,84.9,0,0,32.9,"0.01666666667",4.3,"5:39:00","17:05:00","",141.809481,42.6357013
122,"POINT (141.8164028 42.641601)","human_vi_dog_ac","Deer","2024/10/07","21:25:00","cloudy",10,2,58.7,76.8,76.8,0,0,32.5,"0.02666666667",4.3,"5:39:00","17:05:00","d1628",141.8164028,42.641601
123,"POINT (141.8331878 42.651371)","human_vi_no","Deer","2024/10/07","22:38:00","cloudy",10,9,21.4,65.5,65.5,0,0,32.8,"1.06",4.3,"5:39:00","17:05:00","",141.8331878,42.651371
124,"POINT (141.7936786 42.729458)","human_vi_dog_ac","Deer","2024/10/08","19:22:00","sunny",1,2,41,65.8,65.8,0.9,1,30.2,"0",5.3,"5:40:00","17:04:00","d1629",141.7936786,42.729458
125,"POINT (141.7955122 42.7374492)","human_vi_ac","Deer","2024/10/08","19:51:00","sunny",1,4,168.9,178.5,178.5,0,0,32.5,"0",5.3,"5:40:00","17:04:00","h1706",141.7955122,42.7374492
126,"POINT (141.8058861 42.7227212)","human_vi_dog_ac","Deer","2024/10/08","20:35:00","sunny",1,9,26.3,49,76.6,0,0,36.3,"0",5.3,"5:40:00","17:04:00","d1630",141.8058861,42.7227212
127,"POINT (141.8487083 42.6505232)","human_vi_no","Deer","2024/10/08","21:53:00","sunny",0,2,35.9,58.4,58.4,0,0.8,33.7,"0",5.3,"5:40:00","17:04:00","",141.8487083,42.6505232
128,"POINT (141.8441842 42.6661697)","human_vi_dog_ac","Deer","2024/10/08","22:12:00","sunny",0,3,115.8,144.9,264.4,0,0,36.7,"0",5.3,"5:40:00","17:04:00","",141.8441842,42.6661697
129,"POINT (141.834783 42.6848894)","human_vi_ac","Deer","2024/10/08","22:36:00","sunny",0,2,207.9,214.4,230.8,0.4,1,30.3,"0",5.3,"5:40:00","17:04:00","h1802",141.834783,42.6848894
130,"POINT (141.6460594 42.6851162)","human_vi","Deer","2024/10/08","23:49:00","sunny",0,3,45.1,64,129.2,0,0,40.2,"4.87",5.3,"5:40:00","17:04:00","",141.6460594,42.6851162
131,"POINT (141.6449611 42.6834257)","human_vi","Deer","2024/10/08","23:55:00","sunny",0,6,34.6,42.6,49.4,0,0,40.9,"0.04",5.3,"5:40:00","17:04:00","",141.6449611,42.6834257
132,"POINT (141.7657064 42.6269847)","human_vi_ac","Deer","2024/10/10","6:37:00","sunny",0,2,104.6,206.9,227.8,0,0,34.4,"47720",7.3,"5:42:00","17:00:00","h1803",141.7657064,42.6269847
133,"POINT (141.7734279 42.6327115)","human_vi","Deer","2024/10/10","6:51:00","sunny",0,6,61.5,61.5,134.9,1.1,1.4,43,"37050",7.3,"5:42:00","17:00:00","",141.7734279,42.6327115
134,"POINT (141.7841292 42.6276627)","human_vi_dog_ac","Deer","2024/10/10","7:08:00","sunny",0,2,101.2,213.4,489.3,0,0,38.3,"81110",7.3,"5:42:00","17:00:00","d1631",141.7841292,42.6276627
135,"POINT (141.7806687 42.6386814)","human_vi_no","Deer","2024/10/10","7:30:00","sunny",1,4,178.3,224,769.9,0,0,36.3,"92643.33333",7.3,"5:42:00","17:00:00","",141.7806687,42.6386814
136,"POINT (141.7824254 42.6355632)","human_vi","Deer","2024/10/10","7:40:00","sunny",1,4,56.1,103.8,130.1,0,0,36.2,"95076.66667",7.3,"5:42:00","17:00:00","",141.7824254,42.6355632
137,"POINT (141.7836482 42.6397593)","human_vi_ac","Deer","2024/10/10","7:55:00","sunny",1,1,50.6,73.5,157,0,0,32.8,"13866.33333",7.3,"5:42:00","17:00:00","h1804",141.7836482,42.6397593
138,"POINT (141.7880837 42.640433)","human_vi_no","Deer","2024/10/10","8:08:00","sunny",1,1,37.5,95.8,95.8,0,0,35,"32970",7.3,"5:42:00","17:00:00","",141.7880837,42.640433
139,"POINT (141.7913842 42.6647273)","human_vi_dog_ac","Deer","2024/10/10","8:41:00","sunny",2,1,32.1,42.3,42.3,0,0,37.4,"2350.666667",7.3,"5:42:00","17:00:00","d1632",141.7913842,42.6647273
140,"POINT (141.7895453 42.6634447)","human_vi","Deer","2024/10/10","8:50:00","sunny",1,1,98.6,167.6,183.8,0,0,35.4,"6573",7.3,"5:42:00","17:00:00","",141.7895453,42.6634447
141,"POINT (141.8283181 42.6333055)","human_vi_no","Deer","2024/10/10","9:28:00","sunny",2,5,83.5,152.9,183.3,1.3,1.7,37.1,"16980",7.3,"5:42:00","17:00:00","",141.8283181,42.6333055
142,"POINT (141.6158101 43.0024009)","human_vi_dog_vi","Deer","2024/10/11","20:08:00","sunny",0,1,30.9,66.2,73,0,0,33.3,"0.02",8.3,"5:43:00","16:59:00","",141.6158101,43.0024009
148,"POINT (141.7429751 42.6890345)","human_vi_dog_vi","Deer","2024/10/13","19:00:00","sunny",0,2,73,73,255.5,0,0,32.5,"0.19",10.3,"5:46:00","16:55:00","",141.7429751,42.6890345
149,"POINT (141.7456993 42.6896408)","human_vi_dog_vi_ac","Deer","2024/10/13","19:17:00","sunny",0,5,153.8,153.8,167.6,0,0,36.2,"1.883333333",10.3,"5:46:00","16:55:00","d1634",141.7456993,42.6896408
150,"POINT (141.7483695 42.6926714)","human_vi_ac_dog_vi","Deer","2024/10/13","19:35:00","sunny",0,2,92.5,99.5,135.8,0,0,35.4,"0.04",10.3,"5:46:00","16:55:00","h1901",141.7483695,42.6926714
151,"POINT (141.7556119 42.6817149)","human_vi_no_dog_vi","Deer","2024/10/13","19:58:00","sunny",1,2,84.6,115.6,115.6,0,0,34.7,"0.04333333333",10.3,"5:46:00","16:55:00","",141.7556119,42.6817149
152,"POINT (141.7495317 42.6769369)","human_vi_dog_vi_ac","Deer","2024/10/13","20:22:00","sunny",1,4,65.2,82.2,82.2,0,0,35.3,"0.05333333333",10.3,"5:46:00","16:55:00","d1635",141.7495317,42.6769369
153,"POINT (141.7443002 42.6768499)","human_vi_ac_dog_vi","Deer","2024/10/13","20:38:00","sunny",1,3,74.3,81.4,81.4,0,0,36.2,"1.08",10.3,"5:46:00","16:55:00","h1902",141.7443002,42.6768499
154,"POINT (141.7378862 42.683429)","human_vi_no_dog_vi","Deer","2024/10/13","20:57:00","sunny",1,2,30.6,38.3,38.3,0,0,31.9,"0.95",10.3,"5:46:00","16:55:00","",141.7378862,42.683429
155,"POINT (141.733879 42.6849747)","human_vi_dog_vi_ac","Deer","2024/10/13","21:10:00","sunny",0,1,28.5,35.4,55.8,0,0,40.6,"0.2666666667",10.3,"5:46:00","16:55:00","d1637",141.733879,42.6849747
156,"POINT (141.7288426 42.6776473)","human_vi_ac_dog_vi","Deer","2024/10/13","21:21:00","sunny",0,13,60.3,76.3,76.3,0,0,48,"0.03333333333",10.3,"5:46:00","16:55:00","h1903",141.7288426,42.6776473
157,"POINT (141.7972463 42.6135661)","human_vi_dog_vi","Deer","2024/10/13","22:53:00","sunny",0,11,51,88.7,88.7,0,0,35.9,"0.04666666667",10.3,"5:46:00","16:55:00","",141.7972463,42.6135661
158,"POINT (141.766245 42.6729906)","human_vi_no_dog_vi","Deer","2024/10/13","23:28:00","sunny",0,1,80.9,97.9,97.9,0,0,44.6,"0",10.3,"5:46:00","16:55:00","",141.766245,42.6729906
159,"POINT (141.7917685 42.615853)","human_vi","Deer","2024/10/16","18:33:00","sunny",0,1,46.3,70.1,99.6,0,0,44.1,"1.49",13.3,"5:49:00","16:50:00","",141.7917685,42.615853
160,"POINT (141.7967586 42.62157)","human_vi_dog_vi_ac","Deer","2024/10/16","18:58:00","sunny",0,1,46.3,82.2,82.2,0,0,40.5,"0.9133333333",13.3,"5:49:00","16:50:00","d1636",141.7967586,42.62157
161,"POINT (141.7994594 42.6252836)","human_vi_ac_dog_vi","Deer","2024/10/16","19:12:00","sunny",0,2,50,122.5,174.5,0,0,48.3,"1.256666667",13.3,"5:49:00","16:50:00","h1904",141.7994594,42.6252836
162,"POINT (141.8044676 42.6227841)","human_vi_dog_vi","Deer","2024/10/16","19:30:00","sunny",0,5,63.4,88.1,118.1,0,0,40.5,"1.05",13.3,"5:49:00","16:50:00","",141.8044676,42.6227841
163,"POINT (141.8063336 42.6268917)","human_vi_no_dog_vi","Deer","2024/10/16","19:44:00","sunny",0,1,58.1,76.6,76.6,0,0,36.3,"0.2433333333",13.3,"5:49:00","16:50:00","",141.8063336,42.6268917
165,"POINT (141.808745 42.6355907)","human_vi_ac","Deer","2024/10/16","20:16:00","sunny",0,8,80.5,124.7,147.2,0,0,35.3,"0.24",13.3,"5:49:00","16:50:00","h201001",141.808745,42.6355907
167,"POINT (141.8079483 42.6367549)","human_vi_no_dog_vi","Deer","2024/10/16","20:35:00","sunny",0,5,42.1,79.6,137.9,0,0,32.7,"0.16",13.3,"5:49:00","16:50:00","",141.8079483,42.6367549
168,"POINT (141.7976164 42.6380226)","human_vi_ac_dog_vi","Deer","2024/10/16","20:51:00","sunny",0,14,44,60.3,60.3,0,0,31.6,"0.26",13.3,"5:49:00","16:50:00","h201002",141.7976164,42.6380226
169,"POINT (141.7943888 42.630058)","human_vi_dog_vi_ac","Deer","2024/10/16","21:05:00","sunny",0,1,110,133.8,144.3,0,0,35.1,"0.17",13.3,"5:49:00","16:50:00","d1638",141.7943888,42.630058
170,"POINT (141.7922317 42.6250232)","human_vi_no_dog_vi","Deer","2024/10/16","21:18:00","sunny",0,6,84,108.9,132.2,0,0,31.7,"0.27",13.3,"5:49:00","16:50:00","",141.7922317,42.6250232
171,"POINT (141.7345793 42.662643)","human_vi_dog_vi_ac","Deer","2024/10/16","22:39:00","sunny",0,2,33.5,41.2,67,0,0,37.4,"0.1166666667",13.3,"5:49:00","16:50:00","d1639",141.7345793,42.662643
172,"POINT (141.8055204 42.6556733)","human_vi","Deer","2024/10/16","23:25:00","sunny",0,4,54.2,61.2,61.2,0.2,0.8,38.4,"0.15",13.3,"5:49:00","16:50:00","",141.8055204,42.6556733
173,"POINT (141.8042083 42.6538499)","human_vi_dog_vi_ac","Deer","2024/10/16","23:36:00","sunny",0,5,169.7,191.7,254.5,0,0,34.2,"0.07666666667",13.3,"5:49:00","16:50:00","",141.8042083,42.6538499
174,"POINT (141.7796759 42.6564077)","human_vi_dog_vi","Deer","2024/10/17","8:25:00","sunny",0,2,57.9,68.2,77.3,0,0,39,"3880.666667",14.3,"5:50:00","16:49:00","",141.7796759,42.6564077
175,"POINT (141.7819104 42.6515498)","human_vi_dog_vi_ac","Deer","2024/10/17","8:33:00","sunny",0,8,43.7,69.8,69.8,0,0,34.6,"12400",14.3,"5:50:00","16:49:00","d1640",141.7819104,42.6515498
176,"POINT (141.7833977 42.6401624)","human_vi_ac_dog_vi","Deer","2024/10/17","8:52:00","sunny",0,6,76.3,116.4,248.8,0,0,33.9,"8819.333333",14.3,"5:50:00","16:49:00","h201004",141.7833977,42.6401624
177,"POINT (141.7901246 42.6393749)","human_vi_no_dog_vi","Deer","2024/10/17","9:04:00","sunny",0,1,67,212.2,212.2,0,0,32.4,"40946.66667",14.3,"5:50:00","16:49:00","",141.7901246,42.6393749
178,"POINT (141.8285669 42.6344998)","human_vi_dog_vi","Deer","2024/10/17","9:57:00","sunny",0,2,51.7,53.7,63.8,0,0,33.2,"84336.66667",14.3,"5:50:00","16:49:00","",141.8285669,42.6344998
179,"POINT (141.8278168 42.6325509)","human_vi_dog_vi_ac","Deer","2024/10/17","10:07:00","sunny",0,4,188.6,208.3,208.3,1.6,1.6,34.9,"77486.66667",14.3,"5:50:00","16:49:00","d1641",141.8278168,42.6325509
180,"POINT (141.8253953 42.6291814)","human_vi_ac_dog_vi","Deer","2024/10/17","10:17:00","sunny",0,1,170.8,190.7,190.7,1.1,1.7,33.8,"94180",14.3,"5:50:00","16:49:00","h201003",141.8253953,42.6291814
186,"POINT (141.6458172 42.6852393)","human_vi_no","Deer","2024/10/18","19:10:00","cloudy",10,2,31.6,66.4,126.3,2.8,4.9,42.2,"0.2966666667",15.3,"5:52:00","16:47:00","",141.6458172,42.6852393
188,"POINT (141.8330967 42.6507591)","human_vi_no","Deer","2024/10/18","20:12:00","cloudy",10,1,36,74.8,74.8,3.3,4.2,45.4,"0.1466666667",15.3,"5:52:00","16:47:00","",141.8330967,42.6507591
202,"POINT (141.7424108 42.6898032)","human_vi_dog_vi","Deer","2024/10/21","19:17:00","cloudy",9,5,40.5,58.2,210.9,1.7,1.9,35.1,"0.04",17.3,"5:55:00","16:42:00","",141.7424108,42.6898032
203,"POINT (141.7522906 42.6769438)","human_vi_dog_vi","Deer","2024/10/21","19:38:00","cloudy",10,5,44.9,57,74.8,1.3,1.4,44.7,"0.3533333333",17.3,"5:55:00","16:42:00","",141.7522906,42.6769438
205,"POINT (141.7568135 42.6797388)","human_vi_ac","Deer","2024/10/21","20:00:00","cloudy",10,5,85.9,108.8,108.8,0,0,42.8,"0.02",17.3,"5:55:00","16:42:00","h201303",141.7568135,42.6797388
206,"POINT (141.7453536 42.6795466)","human_vi_ac_dog_vi","Deer","2024/10/21","20:14:00","cloudy",9,7,59.5,129.4,129.4,0.8,1,47.3,"0.1066666667",17.3,"5:55:00","16:42:00","h201304",141.7453536,42.6795466
207,"POINT (141.80226 42.6161006)","human_vi_dog_vi","Deer","2024/10/21","21:58:00","cloudy",9,1,48.9,83.6,108.1,1.3,1.5,38,"0.06333333333",17.3,"5:55:00","16:42:00","",141.80226,42.6161006
208,"POINT (141.7955325 42.6061738)","human_vi_no_dog_vi","Deer","2024/10/21","22:14:00","cloudy",9,3,24.6,60.3,117.6,2.9,3.8,44.9,"0.2433333333",17.3,"5:55:00","16:42:00","",141.7955325,42.6061738
209,"POINT (141.7941132 42.6039472)","human_vi_ac_dog_vi","Deer","2024/10/21","22:28:00","cloudy",9,15,23.6,38,38,5.7,7.1,42.3,"0.17",17.3,"5:55:00","16:42:00","h201401",141.7941132,42.6039472
210,"POINT (141.7950552 42.6120327)","human_vi_dog_vi_ac","Deer","2024/10/21","22:43:00","cloudy",9,1,29.6,42.4,42.4,2.6,3.7,42.9,"0.1066666667",17.3,"5:55:00","16:42:00","d1646",141.7950552,42.6120327
211,"POINT (141.791014 42.6163363)","human_vi_dog_vi","Deer","2024/10/21","23:07:00","cloudy",10,1,50.6,104.9,104.9,5,6.3,38.7,"0.5166666667",17.3,"5:55:00","16:42:00","",141.791014,42.6163363
212,"POINT (141.7344844 42.6855911)","human_vi_ac","Deer","2024/10/21","23:45:00","cloudy",10,5,49.5,56.6,56.6,0,0,34.2,"0.9566666667",17.3,"5:55:00","16:42:00","h201402",141.7344844,42.6855911
213,"POINT (141.7970726 42.6217241)","human_vi_dog_ac","Deer","2024/10/24","18:49:00","sunny",1,1,44,73.8,96.4,0,0,37.6,"0.08666666667",21.3,"5:59:00","16:38:00","d1647",141.7970726,42.6217241
214,"POINT (141.8002445 42.6257608)","human_vi_dog_vi","Deer","2024/10/24","19:03:00","sunny",3,5,13.8,21.2,30,0,0,31.3,"0.02",21.3,"5:59:00","16:38:00","",141.8002445,42.6257608
215,"POINT (141.8025777 42.625246)","human_vi_ac_dog_vi","Deer","2024/10/24","19:14:00","sunny",3,4,18.1,31.1,49.2,0,0,39.5,"0.02",21.3,"5:59:00","16:38:00","h201403",141.8025777,42.625246
216,"POINT (141.8045791 42.6226308)","human_vi_no_dog_vi","Deer","2024/10/24","19:25:00","sunny",3,2,130,164.1,164.1,0,0,42.9,"0.2933333333",21.3,"5:59:00","16:38:00","",141.8045791,42.6226308
217,"POINT (141.8085388 42.6294223)","human_vi_dog_vi_ac","Deer","2024/10/24","19:36:00","sunny",3,1,51.3,85.9,85.9,0,0,37.6,"0",21.3,"5:59:00","16:38:00","d1648",141.8085388,42.6294223
218,"POINT (141.8090212 42.6317702)","human_vi_no_dog_vi","Deer","2024/10/24","19:49:00","sunny",5,1,28.2,28.2,36.7,0,0,39.6,"0.01",21.3,"5:59:00","16:38:00","",141.8090212,42.6317702
219,"POINT (141.8091319 42.6344449)","human_vi_ac_dog_vi","Deer","2024/10/24","20:00:00","sunny",5,13,102.6,141.6,141.6,0,0,35,"0.01",21.3,"5:59:00","16:38:00","h201501",141.8091319,42.6344449
220,"POINT (141.8083697 42.6363168)","human_vi_ac","Deer","2024/10/24","20:09:00","sunny",5,38,110,126,126,0,8,32.8,"0.1",21.3,"5:59:00","16:38:00","",141.8083697,42.6363168
221,"POINT (141.7970897 42.6366677)","human_vi_dog_vi","Deer","2024/10/24","20:26:00","sunny",5,4,60.4,104.7,110.7,0,0,40.3,"0.1233333333",21.3,"5:59:00","16:38:00","",141.7970897,42.6366677
222,"POINT (141.7941001 42.6299273)","human_vi_dog_vi_ac","Deer","2024/10/24","20:42:00","sunny",5,11,42.7,159.9,159.9,0,0,33.9,"0.01",21.3,"5:59:00","16:38:00","d1649",141.7941001,42.6299273
223,"POINT (141.7926213 42.6263355)","human_vi_no","Deer","2024/10/24","20:55:00","sunny",5,3,42,62.5,71.8,0,0,36.1,"0.1",21.3,"5:59:00","16:38:00","",141.7926213,42.6263355
224,"POINT (141.8038054 42.6517685)","human_vi_ac_dog_vi","Deer","2024/10/24","22:18:00","sunny",2,3,136.7,147,147,0,0,32.3,"2.043333333",21.3,"5:59:00","16:38:00","h201502",141.8038054,42.6517685
225,"POINT (141.8055362 42.6553893)","human_vi_dog_vi","Deer","2024/10/24","22:29:00","sunny",2,2,125.9,139.9,166.8,0,0,32.3,"0.1066666667",21.3,"5:59:00","16:38:00","",141.8055362,42.6553893
226,"POINT (141.7335562 42.6645924)","human_vi_no_dog_vi","Deer","2024/10/24","22:55:00","sunny",1,9,105.7,126.7,126.7,0,0,43.8,"0.03666666667",21.3,"5:59:00","16:38:00","",141.7335562,42.6645924
227,"POINT (141.7799973 42.6565142)","human_vi_no_dog_vi","Deer","2024/10/25","7:06:00","sunny",0,1,63,89.3,89.3,0,0,43.1,"3848",22.3,"6:00:00","16:36:00","",141.7799973,42.6565142
228,"POINT (141.7839263 42.640905)","human_vi_dog_vi","Deer","2024/10/25","7:21:00","sunny",0,2,61.1,70.5,82.2,0,0,33.9,"23286.66667",22.3,"6:00:00","16:36:00","",141.7839263,42.640905
229,"POINT (141.7915108 42.6386702)","human_vi_ac_dog_vi","Deer","2024/10/25","7:39:00","sunny",0,3,128.1,188.3,394.2,0,0,33.3,"27853.33333",22.3,"6:00:00","16:36:00","h201503",141.7915108,42.6386702
230,"POINT (141.7814762 42.6397552)","human_vi_dog_vi_ac","Deer","2024/10/25","8:00:00","sunny",0,1,165.4,182.7,222.4,0,0,36,"41123.33333",22.3,"6:00:00","16:36:00","d1650",141.7814762,42.6397552
231,"POINT (141.7628691 42.6268604)","human_vi_dog_vi","Deer","2024/10/25","8:29:00","sunny",0,3,172.5,222.9,333.5,0,0,33.4,"49573.33333",22.3,"6:00:00","16:36:00","",141.7628691,42.6268604
238,"POINT (141.8023895 42.6038584)","human_vi_dog_vi","Deer","2024/10/27","7:10:00","sunny",3,1,41.4,57.5,64.2,0,0,44.5,"8896.333333",24.3,"6:03:00","16:34:00","",141.8023895,42.6038584
240,"POINT (141.5545203 42.6992915)","human_vi_no_dog_vi","Deer","2024/10/28","7:31:00","sunny",4,3,79.3,133.8,133.8,0,0,33.8,"6812",25.3,"6:04:00","16:32:00","",141.5545203,42.6992915
241,"POINT (141.5876698 42.6820181)","human_vi_dog_vi_ac","Deer","2024/10/28","8:00:00","sunny",3,1,32.6,47.8,59.5,0,0.8,42.4,"3073",25.3,"6:04:00","16:32:00","d1651",141.5876698,42.6820181
242,"POINT (141.59321666666668 42.67737222222222)","human_vi_ac_dog_vi","Deer","2024/10/29","15:25:00","sunny",3,1,34.1,46,46,0,0,35.6,"1470.666667",26.3,"6:05:00","16:31:00","h201505",141.593216666667,42.6773722222222
243,"POINT (141.577752 42.6905142)","human_vi_no_dog_vi","Deer","2024/10/29","15:54:00","sunny",3,1,37.1,39.1,47.9,0,0,29.9,"1850.666667",26.3,"6:05:00","16:31:00","",141.577752,42.6905142
244,"POINT (141.57305555555556 42.69424444444444)","human_vi_ac_dog_vi","Deer","2024/10/29","16:32:00","sunny",3,5,46.3,50,59,0,0,41.6,"129.9333333",26.3,"6:05:00","16:31:00","h201506",141.573055555556,42.6942444444444
245,"POINT (141.571025 42.69714444444444)","human_vi_dog_vi_ac","Deer","2024/10/29","16:42:00","sunny",3,1,79.5,94.2,94.2,0,0,29.1,"55.92",26.3,"6:05:00","16:31:00","d1653",141.571025,42.6971444444444
246,"POINT (141.6457315 42.6850376)","human_vi_dog_vi_ac","Deer","2024/10/29","18:24:00","sunny",1,9,68.6,78.9,95,0,0,49.5,"0.5",26.3,"6:05:00","16:31:00","d1654",141.6457315,42.6850376
247,"POINT (141.7422086 42.6893733)","human_vi_no_dog_vi","Deer","2024/10/29","19:48:00","sunny",1,9,51.8,101.1,101.1,0,0,47.6,"0.11",26.3,"6:05:00","16:31:00","",141.7422086,42.6893733
248,"POINT (141.7494503 42.6773898)","human_vi_dog_vi","Deer","2024/10/29","20:06:00","sunny",1,10,99,105.4,118.7,0,0,45.5,"0.1466666667",26.3,"6:05:00","16:31:00","",141.7494503,42.6773898
249,"POINT (141.7335755 42.6635091)","human_vi_no_dog_vi","Deer","2024/10/29","20:33:00","sunny",1,2,78.6,97.4,97.4,0,0,52.3,"0.09",26.3,"6:05:00","16:31:00","",141.7335755,42.6635091
250,"POINT (141.7926525 42.6164343)","human_vi_ac_dog_vi","Deer","2024/10/29","21:03:00","sunny",1,5,128.9,165.3,165.3,0,0,43.2,"1.63",26.3,"6:05:00","16:31:00","h201507",141.7926525,42.6164343
251,"POINT (141.7944505 42.6142009)","human_vi_dog_vi_ac","Deer","2024/10/29","21:15:00","sunny",1,5,47.6,69.6,76,0,0,46.6,"1.96",26.3,"6:05:00","16:31:00","d1655",141.7944505,42.6142009
252,"POINT (141.798264 42.6089795)","human_vi_dog_vi","Deer","2024/10/29","21:28:00","sunny",1,1,43.7,64,94.1,0,0,46.7,"0.47",26.3,"6:05:00","16:31:00","",141.798264,42.6089795
253,"POINT (141.7957833 42.6105391)","human_vi_dog_ac","Deer","2024/10/29","21:40:00","sunny",1,8,85.9,85.9,128.3,1.9,2.1,46.1,"3.593333333",26.3,"6:05:00","16:31:00","d1656",141.7957833,42.6105391
254,"POINT (141.7491919 42.6772276)","human_vi","Deer","2024/11/27","20:04:00","sunny",4,3,27.2,37.7,63.4,1,2.1,55,"0.02",25.6,"6:42:00","16:03:00","",141.7491919,42.6772276
255,"POINT (141.7563383 42.6784904)","human_vi","Deer","2024/11/27","20:15:00","sunny",1,5,35.5,41.3,60.6,1.5,1.7,45.6,"0.2066666667",25.6,"6:42:00","16:03:00","",141.7563383,42.6784904
256,"POINT (141.7450534 42.680141)","human_vi_dog_ac","Deer","2024/11/27","20:26:00","sunny",0,8,102.2,123.5,134.9,2.5,2.7,51,"0.1333333333",25.6,"6:42:00","16:03:00","d1657",141.7450534,42.680141
257,"POINT (141.7324702 42.6660329)","human_vi_no","Deer","2024/11/27","20:44:00","sunny",2,5,59.3,75.4,110.1,0,0,48.5,"0.01",25.6,"6:42:00","16:03:00","",141.7324702,42.6660329
258,"POINT (141.7974408 42.6377423)","human_vi_no","Deer","2024/11/27","21:02:00","sunny",7,1,56.8,80.3,80.3,1.6,2.7,46.6,"0.01",25.6,"6:42:00","16:03:00","",141.7974408,42.6377423
259,"POINT (141.7922317 42.6250232)","human_vi_dog_vi_ac","Deer","2024/11/27","21:15:00","sunny",6,9,81.7,110.8,110.8,5,6,54.6,"0.02",25.6,"6:42:00","16:03:00","d1658",141.7922317,42.6250232
260,"POINT (141.7882491 42.6055022)","human_vi_dog_ac","Deer","2024/11/27","21:31:00","sunny",5,1,16.4,31.6,31.6,2.2,3.2,41.9,"10.02",25.6,"6:42:00","16:03:00","d1659",141.7882491,42.6055022
261,"POINT (141.7923118 42.6042986)","human_vi_dog_vi","Deer","2024/11/27","21:45:00","sunny",5,2,34.6,42.1,73.3,2,2.1,44.5,"1.956666667",25.6,"6:42:00","16:03:00","",141.7923118,42.6042986
262,"POINT (141.8026522 42.6185743)","human_vi","Deer","2024/11/27","21:59:00","sunny",5,32,30.1,66.5,66.5,1.6,2.3,64.3,"2.36",25.6,"6:42:00","16:03:00","",141.8026522,42.6185743
263,"POINT (141.8046571 42.6230834)","human_vi_dog_ac","Deer","2024/11/27","22:16:00","sunny",5,5,72.8,99.6,184.5,1.1,2.5,58.9,"0.09",25.6,"6:42:00","16:03:00","",141.8046571,42.6230834
264,"POINT (141.8096064 42.6309481)","human_vi","Deer","2024/11/27","22:27:00","sunny",5,12,109,117.2,121.8,0,0,35.9,"0.01",25.6,"6:42:00","16:03:00","",141.8096064,42.6309481
266,"POINT (141.5906389 42.6793977)","human_vi_no_dog_vi","Deer","2024/11/28","16:01:00","sunny",1,5,44.5,52.4,52.4,0,0,37.9,"14.06333333",26.6,"6:43:00","16:02:00","",141.5906389,42.6793977
267,"POINT (141.6011509 42.6763401)","human_vi_dog_vi","Deer","2024/11/28","16:20:00","sunny",0,7,30.1,39.3,45.8,0,0,34.4,"13.41666667",26.6,"6:43:00","16:02:00","",141.6011509,42.6763401
268,"POINT (141.8464743 42.60916)","human_vi_no","Deer","2024/11/28","17:13:00","sunny",0,3,101.4,127.4,127.4,0,0,44.2,"0.01",26.6,"6:43:00","16:02:00","",141.8464743,42.60916
269,"POINT (141.8628702 42.6029562)","human_vi_ac_dog_vi","Deer","2024/11/28","17:39:00","sunny",1,37,44.1,54.2,54.2,0,0,39.6,"0.28",26.6,"6:43:00","16:02:00","h201508",141.8628702,42.6029562
270,"POINT (141.8678915 42.5990716)","human_vi","Deer","2024/11/28","17:56:00","sunny",1,13,86,91.5,91.5,0,0,40.3,"0.05",26.6,"6:43:00","16:02:00","",141.8678915,42.5990716
271,"POINT (141.8901845 42.5905548)","human_vi_dog_ac","Deer","2024/11/28","18:24:00","sunny",0,7,86.3,135.1,135.1,0,0.8,48.8,"0",26.6,"6:43:00","16:02:00","d1661",141.8901845,42.5905548
272,"POINT (141.9065889 42.5876554)","human_vi_dog_ac","Deer","2024/11/28","18:39:00","sunny",0,3,28.3,34.9,34.9,1.4,1.5,44.1,"0.01",26.6,"6:43:00","16:02:00","d1660",141.9065889,42.5876554
274,"POINT (141.9118228 42.5818245)","human_vi_dog_vi","Deer","2024/11/28","19:03:00","sunny",0,8,55.2,64.3,64.3,0,0,41.5,"0",26.6,"6:43:00","16:02:00","",141.9118228,42.5818245
276,"POINT (141.7815676 42.6564049)","human_vi_dog_vi_ac","Deer","2024/11/29","15:03:00","sunny",5,5,35.4,51.1,54.5,1.1,1.4,42.6,"4483",27.6,"6:44:00","16:02:00","d1662",141.7815676,42.6564049
277,"POINT (141.7817628 42.6521701)","human_vi_no_dog_vi","Deer","2024/11/29","15:13:00","sunny",5,19,141.3,166.1,175.3,0,0,40.4,"3677.666667",27.6,"6:44:00","16:02:00","",141.7817628,42.6521701
278,"POINT (141.7838552 42.6485789)","human_vi_ac_dog_vi","Deer","2024/11/29","15:26:00","sunny",7,51,195.1,220.4,220.4,0,0,37.5,"2416",27.6,"6:44:00","16:02:00","h201602",141.7838552,42.6485789
279,"POINT (141.786547 42.6451329)","human_vi_no_dog_vi","Deer","2024/11/29","15:37:00","sunny",6,2,89.2,151.8,189,0,0,38.6,"1060.3",27.6,"6:44:00","16:02:00","",141.786547,42.6451329
280,"POINT (141.7908465 42.6391052)","human_vi_ac_dog_vi","Deer","2024/11/29","15:57:00","sunny",6,5,136.9,157.2,546.8,0,0,32.4,"317.5666667",27.6,"6:44:00","16:02:00","h201603",141.7908465,42.6391052
281,"POINT (141.9518271 42.5636938)","human_vi_dog_ac","Deer","2024/11/29","16:42:00","sunny",6,12,157.7,162.3,162.3,1.2,1.3,38.5,"2.89",27.6,"6:44:00","16:02:00","",141.9518271,42.5636938
282,"POINT (141.9870767 42.5669346)","human_vi_no","Deer","2024/11/29","17:42:00","sunny",4,3,27.7,35.7,35.7,0,0,38.3,"0.02",27.6,"6:44:00","16:02:00","",141.9870767,42.5669346
283,"POINT (141.9853035 42.5638304)","human_vi","Deer","2024/11/29","17:56:00","sunny",5,5,31.6,40.4,40.4,0,0,41.9,"0.003333333333",27.6,"6:44:00","16:02:00","",141.9853035,42.5638304
284,"POINT (141.995605 42.5890596)","human_vi_dog_vi","Deer","2024/11/29","18:25:00","sunny",5,12,65.6,65.6,70.4,0,0,33.9,"0.1266666667",27.6,"6:44:00","16:02:00","",141.995605,42.5890596
285,"POINT (141.5915581 42.6825282)","human_vi_ac_dog_vi","Deer","2024/11/30","14:50:00","sunny",1,2,62.1,62.1,80.9,0,0,32.8,"352.3",28.6,"6:45:00","16:01:00","h201604",141.5915581,42.6825282
286,"POINT (141.6128369 42.6698716)","human_vi_dog_vi","Deer","2024/11/30","15:59:00","sunny",1,3,36.6,45.5,53.9,0,0,43.2,"122.3666667",28.6,"6:45:00","16:01:00","",141.6128369,42.6698716
287,"POINT (141.5861566 42.6825922)","human_vi_dog_vi_ac","Deer","2024/11/30","15:38:00","sunny",1,1,36.1,49.7,49.7,0.2,1,34.6,"659",28.6,"6:45:00","16:01:00","d1663",141.5861566,42.6825922
288,"POINT (141.608675 42.6718101)","human_vi_no_dog_vi","Deer","2024/11/30","16:10:00","sunny",1,2,25.1,31.8,31.8,0,0,40.4,"17.5",28.6,"6:45:00","16:01:00","",141.608675,42.6718101
289,"POINT (141.7676882 42.6245899)","human_vi_dog_vi","Deer","2024/12/01","14:57:00","sunny",4,1,71.1,83.7,109.1,0,0,48.9,"10147.33333",29.6,"6:46:00","16:01:00","",141.7676882,42.6245899
290,"POINT (141.8265244 42.6320635)","human_vi","Deer","2024/12/01","15:28:00","sunny",4,30,158.2,158.2,162.8,0,0,37.7,"15836.66667",29.6,"6:46:00","16:01:00","",141.8265244,42.6320635
291,"POINT (141.8268592 42.6352259)","human_vi_ac_dog_vi","Deer","2024/12/01","15:40:00","sunny",4,1,203.9,203.9,217.9,0,0,41,"2020",29.6,"6:46:00","16:01:00","h201605",141.8268592,42.6352259
292,"POINT (141.9939536 42.531855)","human_vi_dog_vi_ac","Deer","2024/12/01","16:22:00","sunny",5,6,97,150.9,150.9,0,0,39.3,"24.64",29.6,"6:46:00","16:01:00","d1664",141.9939536,42.531855
293,"POINT (141.9963095 42.5260184)","human_vi_no_dog_vi","Deer","2024/12/01","16:31:00","sunny",5,4,67.6,85.5,85.5,0,0,39,"2.09",29.6,"6:46:00","16:01:00","",141.9963095,42.5260184
294,"POINT (141.9900049 42.5427128)","human_vi_dog_vi_ac","Deer","2024/12/01","16:58:00","sunny",5,4,53.5,64.8,64.8,0,0,38.3,"0.07",29.6,"6:46:00","16:01:00","d1665",141.9900049,42.5427128
295,"POINT (142.0610225 42.5363211)","human_vi_ac","Deer","2024/12/01","17:55:00","sunny",5,1,45.5,45.5,51,0,0,38.3,"0",29.6,"6:46:00","16:01:00","d1666",142.0610225,42.5363211
296,"POINT (141.6452917 42.6844843)","human_vi_ac_dog_vi","Deer","2024/12/01","18:56:00","sunny",4,16,58.3,108.2,108.2,0,0,44.6,"0.03666666667",29.6,"6:46:00","16:01:00","h201606",141.6452917,42.6844843
299,"POINT (141.7319693 42.6841465)","human_vi_ac_dog_vi","Deer","2024/12/04","17:12:00","sunny",4,2,46.8,54.2,54.2,0,0,37.8,"0.03333333333",2.9,"6:49:00","16:00:00","h201701",141.7319693,42.6841465
300,"POINT (141.7286198 42.678501)","human_vi_no","Deer","2024/12/04","17:19:00","sunny",4,8,34.2,47.4,47.4,0,0,55.9,"0.05",2.9,"6:49:00","16:00:00","",141.7286198,42.678501
301,"POINT (141.7966716 42.6366021)","human_vi_no_dog_vi","Deer","2024/12/04","17:37:00","sunny",1,1,30.6,30.6,40.8,0,0,45.7,"0.01",2.9,"6:49:00","16:00:00","",141.7966716,42.6366021
302,"POINT (141.7944125 42.6308083)","human_vi_no_dog_vi","Deer","2024/12/04","17:46:00","sunny",1,4,128.7,147.3,159.6,0,0,37.1,"0.01",2.9,"6:49:00","16:00:00","",141.7944125,42.6308083
303,"POINT (141.7925787 42.61583)","human_vi_ac_dog_vi","Deer","2024/12/04","18:02:00","sunny",3,6,102.7,148.4,148.4,0,0,39.7,"1.476666667",2.9,"6:49:00","16:00:00","h201703",141.7925787,42.61583
304,"POINT (141.7935982 42.6118803)","human_vi_ac_dog_vi","Deer","2024/12/04","18:18:00","sunny",3,17,106.2,106.2,112.6,0,0,43,"1.846666667",2.9,"6:49:00","16:00:00","h201704",141.7935982,42.6118803
305,"POINT (141.8093788 42.6314344)","human_vi_dog_vi_ac","Deer","2024/12/04","18:39:00","sunny",3,6,34.5,39.2,39.2,0,0,36.7,"0.01",2.9,"6:49:00","16:00:00","d1701",141.8093788,42.6314344
306,"POINT (141.7446777 42.6774739)","human_vi_ac_dog_vi","Deer","2024/12/04","19:11:00","sunny",3,5,107.4,122.6,162,0,0,44.6,"0.6133333333",2.9,"6:49:00","16:00:00","",141.7446777,42.6774739
307,"POINT (141.5860566 42.6869509)","human_vi_dog_vi_ac","Deer","2024/12/05","14:56:00","sunny",4,2,55.4,64.2,64.2,0.6,1.3,38.3,"2076.333333",3.9,"6:50:00","16:00:00","d501",141.5860566,42.6869509
308,"POINT (141.6015756 42.6760724)","human_vi_dog_vi","Deer","2024/12/05","15:56:00","sunny",6,5,35.3,38.7,73.6,0,0,37.3,"222.2666667",3.9,"6:50:00","16:00:00","",141.6015756,42.6760724
309,"POINT (141.8475856 42.6087491)","human_vi_dog_vi_ac","Deer","2024/12/05","16:58:00","sunny",6,3,129.1,135.6,178.6,0,0.4,47.5,"0",3.9,"6:50:00","16:00:00","d502",141.8475856,42.6087491
310,"POINT (141.8507134 42.6116735)","human_vi_ac_dog_vi","Deer","2024/12/05","17:12:00","sunny",6,15,67.6,101.2,101.2,0,0,58.1,"0.02666666667",3.9,"6:50:00","16:00:00","h201705",141.8507134,42.6116735
311,"POINT (141.8551121 42.6060776)","human_vi_no_dog_vi","Deer","2024/12/05","17:39:00","sunny",6,1,60.9,60.9,100.4,1.1,1.3,49.3,"0.01",3.9,"6:50:00","16:00:00","",141.8551121,42.6060776
312,"POINT (141.863027 42.6024565)","human_vi_dog_vi","Deer","2024/12/05","17:54:00","sunny",6,4,31.3,47.2,121.4,2.3,3.1,53.2,"0",3.9,"6:50:00","16:00:00","",141.863027,42.6024565
313,"POINT (141.882703 42.5931386)","human_vi_dog_vi_ac","Deer","2024/12/05","18:26:00","sunny",6,4,82.3,86.1,86.1,2.2,2.5,39.2,"0",3.9,"6:50:00","16:00:00","d1801",141.882703,42.5931386
315,"POINT (141.9065538 42.5878496)","human_vi_no_dog_vi","Deer","2024/12/05","18:48:00","sunny",5,10,42.3,51.8,62.3,1.2,1.3,39.6,"0.01",3.9,"6:50:00","16:00:00","",141.9065538,42.5878496
317,"POINT (141.7839263 42.640905)","human_vi_no_dog_vi","Deer","2024/12/06","15:08:00","sunny",7,1,112.8,118.9,138.2,1,1.1,43.1,"4085",4.9,"6:51:00","16:00:00","",141.7839263,42.640905
318,"POINT (141.7844212 42.6469496)","human_vi_dog_vi_ac","Deer","2024/12/06","15:20:00","sunny",7,10,81,92.8,92.8,0,0,36.3,"2686.666667",4.9,"6:51:00","16:00:00","d503",141.7844212,42.6469496
319,"POINT (141.7839335 42.6490358)","human_vi_ac","Deer","2024/12/06","15:29:00","sunny",7,27,105.1,126.7,126.7,0,0,36.5,"1657.333333",4.9,"6:51:00","16:00:00","h201707",141.7839335,42.6490358
320,"POINT (141.781847 42.6513791)","human_vi_dog_ac","Deer","2024/12/06","15:38:00","sunny",7,5,74.1,96.9,96.9,0,0,36.4,"1302",4.9,"6:51:00","16:00:00","d504",141.781847,42.6513791
321,"POINT (141.7820945 42.6547376)","human_vi_dog_vi_ac","Deer","2024/12/06","15:46:00","sunny",7,3,76.5,82.8,114,0,0,35.3,"794.9666667",4.9,"6:51:00","16:00:00","d505",141.7820945,42.6547376
322,"POINT (141.793409 42.6633847)","human_vi_ac","Deer","2024/12/06","15:55:00","sunny",7,1,161.5,161.5,227.5,0,0,37.9,"218.7",4.9,"6:51:00","16:00:00","h201708",141.793409,42.6633847
323,"POINT (141.5697467 42.701016)","human_vi_ac_dog_vi","Deer","2024/12/07","14:58:00","sunny",6,2,122.6,130.6,154.5,0,0,35.8,"3658.666667",5.9,"6:52:00","16:00:00","h201801",141.5697467,42.701016
324,"POINT (141.5827112 42.6844486)","human_vi_ac","Deer","2024/12/07","15:44:00","sunny",6,2,27.9,39.6,39.6,0,0,33.2,"987",5.9,"6:52:00","16:00:00","h201",141.5827112,42.6844486
325,"POINT (141.609274 42.6713802)","human_vi_no_dog_vi","Deer","2024/12/07","15:59:00","sunny",3,1,37.4,59.5,59.5,0,0,36.8,"126.8666667",5.9,"6:52:00","16:00:00","",141.609274,42.6713802
326,"POINT (141.9522416 42.5642608)","human_vi_dog_vi_ac","Deer","2024/12/07","17:03:00","sunny",6,29,50.2,58.4,58.4,1.9,2.8,34,"2.606666667",5.9,"6:52:00","16:00:00","d1667",141.9522416,42.5642608
327,"POINT (141.9828798 42.5720891)","human_vi_no_dog_vi","Deer","2024/12/07","18:09:00","sunny",0,2,71.7,104.6,104.6,0,0,35.3,"0",5.9,"6:52:00","16:00:00","",141.9828798,42.5720891
328,"POINT (142.0034541 42.5189865)","human_vi_no_dog_vi","Deer","2024/12/08","16:42:00","sunny",1,3,42,74.7,74.7,0,0,32.3,"0.2666666667",6.9,"6:53:00","16:00:00","",142.0034541,42.5189865
329,"POINT (141.9905101 42.542028)","human_vi_dog_vi_ac","Deer","2024/12/08","17:14:00","cloudy",10,11,66.2,129,129,0,0,38.7,"0.11",6.9,"6:53:00","16:00:00","d1668",141.9905101,42.542028
330,"POINT (141.8269441 42.635087)","human_vi_ac_dog_vi","Deer","2024/12/09","15:05:00","sunny",5,6,104.2,128.5,148.8,2,3.4,49.7,"21770",7.9,"6:54:00","16:00:00","h201802",141.8269441,42.635087
331,"POINT (141.8234796 42.6317927)","human_vi_dog_vi_ac","Deer","2024/12/09","15:14:00","sunny",6,1,232.6,254.6,279.4,2.3,2.7,45.3,"19156.66667",7.9,"6:54:00","16:00:00","d1669",141.8234796,42.6317927
332,"POINT (141.7935802 42.6283309)","human_vi_dog_vi","Deer","2024/12/12","20:56:00","sunny",5,2,33.5,43.6,54.5,0,0,34.1,"0.1366666667",10.9,"6:57:00","16:00:00","",141.7935802,42.6283309
333,"POINT (141.7934315 42.6127323)","human_vi_dog_vi","Deer","2024/12/12","21:13:00","sunny",5,13,113.3,177.4,206.7,0,0,41.3,"1.396666667",10.9,"6:57:00","16:00:00","",141.7934315,42.6127323
334,"POINT (141.7894849 42.6078602)","human_vi","Deer","2024/12/12","21:24:00","sunny",5,4,57.5,57.5,69.2,0,0,38.3,"14.35",10.9,"6:57:00","16:00:00","",141.7894849,42.6078602
335,"POINT (141.7953889 42.6042067)","human_vi_dog_vi","Deer","2024/12/12","21:40:00","sunny",5,60,42.2,72.8,101.2,0,0,39.9,"0.2266666667",10.9,"6:57:00","16:00:00","",141.7953889,42.6042067
336,"POINT (141.7969727 42.6090822)","human_vi_dog_vi_ac","Deer","2024/12/12","21:56:00","sunny",5,110,119,122.2,122.2,0,0,44.8,"0.64",10.9,"6:57:00","16:00:00","d1670",141.7969727,42.6090822
337,"POINT (141.8020236 42.6181387)","human_vi_ac","Deer","2024/12/12","22:06:00","sunny",5,3,39.9,49.1,59.4,0,0,54.4,"0.4766666667",10.9,"6:57:00","16:00:00","h202",141.8020236,42.6181387
338,"POINT (141.7997217 42.6255729)","human_vi_dog_vi_ac","Deer","2024/12/12","22:23:00","sunny",4,7,145.9,174.5,214.3,0,0,43.9,"0.06",10.9,"6:57:00","16:00:00","d1671",141.7997217,42.6255729
339,"POINT (141.8083832 42.6291552)","human_vi_no","Deer","2024/12/12","22:35:00","sunny",4,17,52.5,79.7,79.7,0,0,37.5,"0.06",10.9,"6:57:00","16:00:00","",141.8083832,42.6291552
340,"POINT (141.8078519 42.6315561)","human_vi_ac_dog_vi","Deer","2024/12/12","22:48:00","sunny",4,7,97.5,108.5,122.8,0,0,32.5,"0.04",10.9,"6:57:00","16:00:00","h202201",141.8078519,42.6315561
341,"POINT (141.8093306 42.635787)","human_vi_dog_ac","Deer","2024/12/12","22:59:00","sunny",4,35,54,62.2,62.2,0,0,35.5,"0.09666666667",10.9,"6:57:00","16:00:00","d1672",141.8093306,42.635787
342,"POINT (141.6072333 42.6728631)","human_vi_ac","Deer","2024/12/13","15:53:00","sunny",3,5,49.6,71.5,87.9,0,0,41.4,"244.8666667",11.9,"6:57:00","16:00:00","h202202",141.6072333,42.6728631
343,"POINT (141.8452493 42.6078028)","human_vi_dog_ac","Deer","2024/12/13","17:00:00","sunny",6,2,40.1,100.5,137.6,0,0.4,44.9,"0.09333333333",11.9,"6:57:00","16:00:00","d1673",141.8452493,42.6078028
344,"POINT (141.8510064 42.6122888)","human_vi","Deer","2024/12/13","17:12:00","sunny",6,14,48.1,48.1,51.9,0,0,56.8,"0.06",11.9,"6:57:00","16:00:00","",141.8510064,42.6122888
345,"POINT (141.8583929 42.6067402)","human_vi_ac","Deer","2024/12/13","17:26:00","sunny",5,5,62.6,67.8,191.9,0,0,50.6,"0.04333333333",11.9,"6:57:00","16:00:00","h202203",141.8583929,42.6067402
346,"POINT (141.8626147 42.6037176)","human_vi_no","Deer","2024/12/13","17:48:00","sunny",3,34,50.4,136.2,136.2,1,1.3,43.8,"0.03",11.9,"6:57:00","16:00:00","",141.8626147,42.6037176
348,"POINT (141.7820731 42.6546249)","human_vi","Deer","2024/12/14","14:32:00","sunny",5,10,95.3,95.3,106.3,0,0,44.6,"5104",12.9,"6:58:00","16:00:00","",141.7820731,42.6546249
349,"POINT (141.7836097 42.6488375)","human_vi_no","Deer","2024/12/14","14:43:00","sunny",7,12,67.5,90.2,99.9,0,0,36.1,"3706.333333",12.9,"6:58:00","16:00:00","",141.7836097,42.6488375
350,"POINT (141.7846871 42.6473837)","human_vi_ac","Deer","2024/12/14","14:52:00","sunny",7,21,109.1,163.7,181.2,1.5,1.5,34.6,"3424.333333",12.9,"6:58:00","16:00:00","h202302",141.7846871,42.6473837
351,"POINT (141.6013442 42.6762646)","human_vi_no","Deer","2024/12/14","18:39:00","sunny",3,8,40.7,58.5,58.5,0,0,32.4,"0.1966666667",12.9,"6:58:00","16:00:00","",141.6013442,42.6762646
352,"POINT (141.5897219 42.6838286)","human_vi_no","Deer","2024/12/15","7:35:00","sunny",2,1,57.3,139.1,139.1,0,0,29.5,"2881.666667",13.9,"6:59:00","16:00:00","",141.5897219,42.6838286
353,"POINT (141.5705392 42.6976345)","human_vi","Deer","2024/12/15","8:07:00","sunny",2,3,41.1,65.6,157.6,0,0,30,"10830",13.9,"6:59:00","16:00:00","",141.5705392,42.6976345
354,"POINT (141.8233433 42.6330198)","human_vi_ac_dog_vi","Deer","2024/12/16","14:32:00","sunny",4,45,209.9,239.6,249.7,1.7,2.5,54.5,"36743.33333",14.9,"7:00:00","16:01:00","h202304",141.8233433,42.6330198
355,"POINT (141.7500742 42.6776784)","human_vi_dog_vi","Deer","2024/12/16","16:23:00","sunny",3,2,93.9,132.5,141.7,0,0,52.5,"14.43333333",14.9,"7:00:00","16:01:00","",141.7500742,42.6776784
356,"POINT (141.7543894 42.6822785)","human_vi","Deer","2024/12/16","16:34:00","sunny",3,4,38.4,67.7,85.5,0,0,42.1,"2.74",14.9,"7:00:00","16:01:00","",141.7543894,42.6822785
357,"POINT (141.5922748 42.6778373)","human_vi_dog_vi","Deer","2024/12/18","14:35:00","sunny",5,1,66.5,81.8,105.8,0,0,37.4,"3910.333333",16.9,"7:01:00","16:01:00","",141.5922748,42.6778373
358,"POINT (141.581741 42.683817)","human_vi_dog_vi","Deer","2024/12/18","14:59:00","sunny",4,1,72.5,80.7,88.4,0,0,30.9,"2163.666667",16.9,"7:01:00","16:01:00","",141.581741,42.683817
359,"POINT (141.5867592 42.6824635)","human_vi_dog_ac","Deer","2024/12/18","15:10:00","sunny",4,4,65.7,133,133,0,0,36.5,"2278.666667",16.9,"7:01:00","16:01:00","d1674",141.5867592,42.6824635
360,"POINT (141.7670444 42.6269888)","human_vi_no_dog_vi","Deer","2024/12/19","10:38:00","cloudy",9,3,56.9,168.2,190.6,0,0,34.6,"65926.66667",17.9,"7:02:00","16:02:00","",141.7670444,42.6269888
361,"POINT (142.0021019 42.5193014)","human_vi_dog_vi","Deer","2024/12/19","12:55:00","sunny",8,4,81.2,111,118.6,0,0,29.9,"15916.66667",17.9,"7:02:00","16:02:00","",142.0021019,42.5193014
362,"POINT (142.0240391 42.5103265)","human_vi_dog_ac","Deer","2024/12/19","13:37:00","cloudy",9,2,79.5,151.8,167.2,0,0,37.9,"16760",17.9,"7:02:00","16:02:00","d1675",142.0240391,42.5103265
363,"POINT (142.028124 42.5127313)","human_vi_no","Deer","2024/12/19","13:50:00","cloudy",10,10,62.2,197.1,197.1,0,0,34.6,"9055.666667",17.9,"7:02:00","16:02:00","",142.028124,42.5127313
364,"POINT (141.8057335 42.6245021)","human_vi_ac_dog_vi","Deer","2024/12/19","15:42:00","cloudy",5,6,118.1,204.6,204.6,1.4,1.4,47.5,"1493.666667",17.9,"7:02:00","16:02:00","h202307",141.8057335,42.6245021
365,"POINT (141.6430607 42.6814744)","human_vi","Deer","2024/12/19","21:55:00","sunny",7,2,20.9,26.5,42.3,0,0,41.5,"0.05333333333",17.9,"7:02:00","16:02:00","",141.6430607,42.6814744
366,"POINT (141.6450114 42.6843545)","human_vi_ac_dog_vi","Deer","2024/12/19","22:04:00","sunny",7,4,121.6,156.3,156.3,0,0,38.9,"0.84",17.9,"7:02:00","16:02:00","h202401",141.6450114,42.6843545
368,"POINT (141.741989 42.6899201)","human_vi_dog_vi_cover","Deer","2025/05/23","20:11:00","sunny",4,14,41,103,193,1.9,2.2,47.3,"0.03",25.3,"4:04:00","18:59:00","びにあり",141.741989,42.6899201
369,"POINT (141.7564216 42.6812538)","human_vi_dog_vi_ac_cover","Deer","2025/05/23","20:27:00","sunny",4,2,38,45,87,1,1.4,36.5,"0.11",25.3,"4:04:00","18:59:00","びにあり",141.7564216,42.6812538
370,"POINT (141.7517441 42.6802047)","human_vi_dog_vi_cover","Deer","2025/05/23","20:36:00","sunny",3,10,40,83,110,0,0,39.8,"0.06333333333",25.3,"4:04:00","18:59:00","びにあり",141.7517441,42.6802047
371,"POINT (141.7332856 42.6654842)","human_vi_dog_vi_cover","Deer","2025/05/23","21:04:00","sunny",3,19,49,102,155,0,0,48,"0",25.3,"4:04:00","18:59:00","びにあり",141.7332856,42.6654842
372,"POINT (141.7960733 42.6349511)","human_vi","Deer","2025/05/23","21:21:00","sunny",3,8,105,127,134,0,0,35.3,"0.01",25.3,"4:04:00","18:59:00","",141.7960733,42.6349511
373,"POINT (141.7829153 42.6545544)","human_vi_dog_vi_ac_cover","Deer","2025/05/24","18:09:00","cloudy",10,27,111,125.9,164.3,0,0,37.4,"461.4333333",26.3,"4:03:00","19:00:00","d1676",141.7829153,42.6545544
374,"POINT (141.781661 42.6510889)","human_vi_dog_vi_ac_cover","Deer","2025/05/24","18:17:00","cloudy",10,4,30.5,40,40,0,0,46.1,"539.4666667",26.3,"4:03:00","19:00:00","d1677",141.781661,42.6510889
375,"POINT (141.7807221 42.6388032)","human_vi_dog_vi_cover","Deer","2025/05/24","18:33:00","cloudy",10,3,119.7,152.8,341.4,0,0,37.7,"213.3",26.3,"4:03:00","19:00:00","",141.7807221,42.6388032
376,"POINT (141.7819499 42.6390408)","human_vi_dog_vi_cover","Deer","2025/05/24","18:33:00","cloudy",10,5,72.5,95.6,284.2,0,0,44.7,"200.2",26.3,"4:03:00","19:00:00","",141.7819499,42.6390408
377,"POINT (141.7787471 42.6366708)","human_vi_dog_vi_ac_cover","Deer","2025/05/24","18:48:00","cloudy",10,3,61.4,134.3,209.4,0.8,0.8,36.4,"56.39333333",26.3,"4:03:00","19:00:00","d1702",141.7787471,42.6366708
378,"POINT (141.7749092 42.6326352)","human_vi_no","Deer","2025/05/24","19:05:00","cloudy",9,2,83,288,288,0,0,36.5,"15.16333333",26.3,"4:03:00","19:00:00","",141.7749092,42.6326352
379,"POINT (141.7943996 42.6139347)","human_vi_dog_vi_ac_cover","Deer","2025/05/24","19:40:00","cloudy",10,4,44,151,151,1.1,1.5,62.2,"0.2",26.3,"4:03:00","19:00:00","d1704",141.7943996,42.6139347
380,"POINT (141.8088713 42.634437)","human_vi_ac","Deer","2025/05/24","20:14:00","cloudy",10,40,113,123,152,2.3,2.5,52.7,"0.04666666667",26.3,"4:03:00","19:00:00","",141.8088713,42.634437
381,"POINT (141.9935862 42.5312069)","human_vi_dog_vi_cover","Deer","2025/05/24","20:57:00","cloudy",10,2,87,100,100,0.2,1,54.4,"0.02",26.3,"4:03:00","19:00:00","",141.9935862,42.5312069
382,"POINT (141.5836731 42.6876457)","human_vi_dog_vi_ac_cover","Deer","2025/05/27","18:09:00","sunny",0,2,75.6,86.7,86.7,0.2,1,33.6,"1575.333333",29.3,"4:01:00","19:03:00","d1706",141.5836731,42.6876457
383,"POINT (141.6071463 42.6727069)","human_vi_dog_vi_ac_cover","Deer","2025/05/27","18:38:00","sunny",0,5,33.6,42.2,51.8,0,0,42.8,"315.6666667",29.3,"4:01:00","19:03:00","d1707",141.6071463,42.6727069
384,"POINT (141.6093534 42.6709556)","human_vi_dog_vi_cover","Deer","2025/05/27","18:47:00","sunny",2,3,50.2,56.6,76.1,0,0,41.3,"490.4",29.3,"4:01:00","19:03:00","",141.6093534,42.6709556
385,"POINT (141.7501948 42.6770035)","human_vi_dog_vi_ac_cover","Deer","2025/05/27","20:22:00","sunny",3,1,75,116,116,0,0,39.8,"0.05",29.3,"4:01:00","19:03:00","d1708",141.7501948,42.6770035
386,"POINT (141.8101508 42.6308441)","human_vi_dog_vi_ac_cover","Deer","2025/05/27","20:49:00","sunny",3,4,126,138.8,138.8,0,0,39.5,"0.05",29.3,"4:01:00","19:03:00","d1709",141.8101508,42.6308441
387,"POINT (141.7965525 42.6193488)","human_vi_dog_ac","Deer","2025/05/27","21:00:00","sunny",3,5,19,27.7,66.4,2,2.6,48.5,"0.01",29.3,"4:01:00","19:03:00","d1710",141.7965525,42.6193488
388,"POINT (141.7683875 42.6253861)","human_vi_dog_vi_cover","Deer","2025/05/28","18:56:00","sunny",8,2,109,315,330,0,0,37.6,"241.6333333",1,"4:00:00","19:04:00","",141.7683875,42.6253861
389,"POINT (141.7701106 42.6273917)","human_vi_dog_vi_ac_cover","Deer","2025/05/28","19:05:00","sunny",8,6,112,330,382,0,0,40.6,"129.2666667",1,"4:00:00","19:04:00","d1712",141.7701106,42.6273917
390,"POINT (141.7831935 42.6585101)","human_vi_dog_vi_cover","Deer","2025/05/28","19:21:00","cloudy",10,3,57,57,140,0,0,47.9,"12.15333333",1,"4:00:00","19:04:00","",141.7831935,42.6585101
391,"POINT (141.9648163 42.5523775)","human_vi_dog_vi_cover","Deer","2025/05/28","20:04:00","cloudy",10,1,36,36,93,0,0,42.4,"0.03666666667",1,"4:00:00","19:04:00","",141.9648163,42.5523775
392,"POINT (141.9681713 42.5502454)","human_vi_dog_vi_ac","Deer","2025/05/28","20:13:00","cloudy",10,4,148,148,168,0,0,33.2,"0.01",1,"4:00:00","19:04:00","d1713",141.9681713,42.5502454
393,"POINT (141.6115981 42.6704196)","human_vi_no_dog_vi","Deer","2025/05/28","22:20:00","cloudy",10,1,16,56,101,0,0,33.6,"0.01",1,"4:00:00","19:04:00","",141.6115981,42.6704196
394,"POINT (141.7839792 42.6609004)","human_vi_ac_dog_vi","Deer","2025/05/29","17:15:00","sunny",6,11,140,220,220,0.8,1.3,49.1,"8998.666667",2,"4:00:00","19:05:00","h202803",141.7839792,42.6609004
395,"POINT (141.788865 42.6635625)","human_vi_dog_vi","Deer","2025/05/29","17:30:00","sunny",6,27,27,33,58,0,0,44.8,"4943.333333",2,"4:00:00","19:05:00","",141.788865,42.6635625
